actual,predicted,probability
0,0,0.39718686112779705
1,1,0.8656884683317411
1,1,0.81935081384191
1,1,0.9419863003492661
1,1,0.9862338802446273
1,1,0.5366002064434263
0,0,0.04295334447259056
0,0,0.0851586144208386
0,0,0.3397980981895453
1,1,0.9692509148978701
0,0,0.31029170343965373
1,1,0.752505338634305
1,1,0.89654930781804
1,1,0.66871864538135
0,0,0.47219564192336294
0,0,0.36968660262260955
0,0,0.07992979948415296
0,0,0.019749886329803717
0,0,0.23737439479574313
0,0,0.33746629922267407
1,1,0.7052561253198857
0,0,0.36970459220483565
1,1,0.9847974128778841
0,0,0.35116575714361326
0,0,0.3884574633788746
0,0,0.14333869977843589
0,0,0.032133523207627745
1,1,0.8777646346115847
0,0,0.053806257707395486
1,1,0.9809913804537173
1,1,0.5441460207672082
0,0,0.026663099766455957
1,1,0.5819661989223499
0,0,0.05138715123145723
0,0,0.41021908820006503
1,1,0.7311054236718464
1,1,0.7841767909975036
0,0,0.0928539681703848
1,1,0.9796110965466183
0,0,0.48053260376479984
1,1,0.879134362221406
1,1,0.9367308404243255
1,1,0.8025598570573637
1,1,0.6904201001683676
0,0,0.28351804682778364
0,0,0.1180089412944111
1,1,0.7013025177717662
1,1,0.8440510083109501
1,0,0.36852706548979863
0,0,0.10956745585242
0,0,0.09744665064037927
1,1,0.928307234903372
1,1,0.9973626592735129
1,1,0.8180995094243375
1,1,0.5500743613557371
1,1,0.632182082516948
1,1,0.8666768795508756
0,0,0.17437819734697532
1,1,0.9691853726878391
0,0,0.28535750329447823
1,1,0.8126266748982549
1,1,0.980090640228443
0,0,0.2767271873918624
1,1,0.9981097997703037
1,1,0.6653306299416387
1,1,0.6289726606126732
1,1,0.9450363305627123
1,1,0.8817660759119458
1,1,0.5242114704163129
0,0,0.2853883412258109
1,1,0.8303111096389644
1,1,0.910456790745494
1,1,0.6865906798593531
0,0,0.2523636645395587
0,0,0.481099372015492
1,1,0.6400502443079452
0,0,0.3712210034606412
0,0,0.34743843509082073
1,1,0.511736997911933
1,1,0.8924789135711209
0,0,0.2972343168414206
1,1,0.7658876319373211
1,1,0.8834202028825271
1,1,0.5106488923087511
0,0,0.4427830719614368
1,1,0.5324545986985556
1,1,0.6904081564099073
1,1,0.9811765918424459
1,1,0.9230329291103102
1,1,0.9676232357540665
0,0,0.05907339956100391
1,1,0.9912975063231565
0,0,0.005785652953784779
1,1,0.8483578503726095
1,1,0.9716025230578089
1,1,0.976840292974564
1,1,0.9843418530320307
1,1,0.9531461615606871
1,1,0.9184161655299239
0,0,0.4748907885364558
1,0,0.43400219469448115
1,0,0.3332315756652061
1,1,0.9739106723431824
0,0,0.46795465016944543
1,1,0.8213764761349359
1,1,0.9314518416270264
1,1,0.9219063845131508
0,0,0.38136267716386896
1,1,0.8616110632407441
1,1,0.6916698544201351
0,0,0.39474567725318843
1,1,0.9234786316027469
0,0,0.4882960817686583
1,1,0.9815845552148131
1,1,0.929468203705557
1,1,0.9555198539158836
1,1,0.6544524878292388
1,1,0.7539316673468989
1,1,0.8464962426655093
1,1,0.8739463361421292
1,1,0.9506015767119578
1,1,0.7661220003371271
0,0,0.0012270846235522609
0,1,0.6366838791862381
1,1,0.9125470140745663
1,1,0.9621653601448162
0,0,0.4638626668110761
1,1,0.995232017294343
1,1,0.840351170300973
1,1,0.9770008254405891
0,0,0.0375157622948402
1,1,0.9682878214602276
1,1,0.960535500402013
1,1,0.96493443965963
0,0,0.3297424924955394
1,1,0.5625839988894938
0,1,0.5307537332798415
1,1,0.9976104892378165
1,1,0.9490072574863886
1,0,0.47442749461214584
0,0,0.16995353691267376
1,1,0.7127857021416525
1,1,0.6424384003168149
1,1,0.9134062700823459
1,1,0.7889302968928114
1,1,0.687246855267356
1,1,0.9698762884723969
1,1,0.9191780701548721
1,1,0.7929482650818324
1,1,0.9521465095478692
0,0,0.2588605047533251
0,0,0.44410454206949196
0,1,0.6405044946245811
0,1,0.5798577669379036
0,0,0.20873058577752188
1,1,0.9804266618243107
1,1,0.9408689084620597
1,1,0.9805142758545331
0,0,0.00848745469039692
0,0,0.05848455694428119
0,0,0.29639076762848465
0,0,0.028153882162879028
1,1,0.9878691705440054
1,1,0.9845432883555338
0,0,0.25971315004751616
1,1,0.6071786498922322
0,0,0.48669991094595266
1,1,0.9826830932581377
1,1,0.9028808271226745
0,0,0.06621803343357201
0,0,0.1367196398956376
1,1,0.9030633166511595
1,1,0.8872206456159385
0,0,0.3973760047486535
0,0,0.18162728205121118
1,1,0.6949709108501615
1,1,0.9269941129998006
1,1,0.6813788693089801
0,0,0.0059097469986189735
0,0,0.3390781754221369
1,1,0.7761807081362209
0,0,0.27883143252729514
0,0,0.3380842351181723
1,1,0.7950050737834317
1,1,0.9446501976688324
0,0,0.21075908055912185
0,0,0.36856042134659356
1,1,0.9183349336500961
0,0,0.2690765092156727
1,1,0.8613365285424266
1,1,0.9950892293852109
1,1,0.5580974699621185
1,1,0.8642149379104583
1,1,0.9629309214874943
1,1,0.9350202449111515
0,0,0.046134144059809805
1,1,0.5598484254986248
1,1,0.7398499920767987
0,0,0.3645605743384532
1,1,0.7282930904676633
0,0,0.014723282980084124
0,0,0.16880879834853674
0,0,0.08187339676153138
1,1,0.8272433269313818
0,0,0.1308064041998053
0,0,0.01819133687586537
0,0,0.013540625027483717
1,1,0.5680500455443848
0,0,0.009330984095008881
0,0,3.321514644297423e-09
1,1,0.9335189869089219
1,1,0.8588731857343492
1,1,0.9811416275629047
0,0,0.29477333729380856
0,0,0.12232478163850367
0,0,0.23230256979939135
1,1,0.9047204182082126
0,0,0.34283614383165145
0,0,0.4996092565926189
0,0,0.21591666126445258
0,0,0.09834306459093296
0,0,0.35779086970099233
0,0,0.23881876209622516
0,0,0.0700273065813493
1,1,0.8791962360486109
1,1,0.8955188855871008
1,1,0.9244111086736455
1,1,0.6768228373396491
1,1,0.9705159088074475
1,1,0.6806947663509233
0,0,0.34002170555905276
1,1,0.8605748704289343
1,1,0.8729013883094452
1,1,0.936292821687828
0,0,0.30948967579471187
1,1,0.9929063940990929
1,1,0.7940221396375974
1,1,0.8934590472969337
1,1,0.7698700963208192
1,1,0.996761726083001
0,1,0.5035475226687244
1,1,0.5815174436928932
1,1,0.6017758632645979
1,1,0.9272292278174271
1,1,0.8122361323063781
1,1,0.9972036090490801
1,1,0.9986931287885066
0,0,0.0009140547990641781
0,1,0.5384541672213163
1,1,0.6218706433937705
1,1,0.8817400858373724
1,1,0.6894652892110591
0,1,0.5792968441258048
0,0,0.1886895025310623
1,1,0.6769713007722985
1,1,0.9743406057169492
0,0,0.02044446581068788
0,1,0.5917604083751404
0,0,0.42779101095440236
0,0,0.04832328021258312
0,0,0.22719257820308508
1,1,0.6487301698508119
1,1,0.7245585991229825
1,1,0.6867762564423181
1,1,0.9961647252232555
0,0,0.007295437129391526
1,1,0.6350304201917237
0,0,0.004780251241490954
0,0,0.340627734994951
0,0,0.42376612182700774
1,1,0.8322518969882442
0,0,4.4608221322033634e-05
1,1,0.9632307462965047
1,1,0.6138964202442854
0,0,0.4377161641960399
0,0,0.0003571567270257669
1,1,0.8872271960927178
0,0,0.21282031541155422
0,0,0.3354196175725807
0,0,0.08299976956268304
0,0,0.2845635593310997
0,1,0.5353371310357925
1,1,0.9930775183357672
0,0,0.2750063982172772
1,1,0.6765667097706319
0,0,0.47426272879074055
1,1,0.8326776336885024
1,1,0.9864100045579829
1,1,0.6978262077461129
1,1,0.8033253790169171
1,1,0.8929847240729042
0,0,0.024422857636314476
1,1,0.6851016270067327
1,1,0.5222611715778944
1,1,0.6695199307593631
1,1,0.9981539599919407
1,1,0.8788062956421168
1,1,0.675204880792384
0,0,0.3259942462277901
1,1,0.980016122227245
1,1,0.9365587043054536
1,1,0.8190573863142927
0,0,0.3908905693666242
1,1,0.6523042388816984
1,1,0.8379727436245218
1,1,0.8063975796748111
1,1,0.9950490461196299
1,1,0.7869469558860045
0,0,0.20624225853873002
0,0,0.05043172330513865
1,1,0.9088450797199052
0,0,0.28384122974098885
0,0,0.06267305603079412
1,1,0.8429768699937947
1,1,0.8043389478538745
1,1,0.9959384698765746
1,1,0.8905455273818064
1,1,0.9925118355692963
1,1,0.923221995248469
1,1,0.9661435779072834
0,0,0.0012778072935068756
1,1,0.540346414024564
0,0,0.183011078035332
1,1,0.9977458290436183
1,1,0.9092154374135261
0,0,0.3188130287953847
0,0,0.4655545780502991
1,1,0.6749266776196251
1,1,0.8074520700260412
1,1,0.9985523130672568
0,0,0.027008882358836403
1,1,0.9953182884489022
1,1,0.5172373095752264
1,1,0.6385086707228964
0,0,0.4728398231709043
1,1,0.9999867747780429
0,0,0.147819035746895
1,1,0.7468488059495397
0,0,0.4624075303675234
1,1,0.8935329096854281
1,1,0.9834013754054566
0,0,0.3297670845188993
1,1,0.739988801996591
0,0,0.30724795158216567
0,0,0.0905383913995989
1,1,0.9118801142800501
0,0,0.2932891336814678
0,0,0.23215595425900656
0,0,0.27618341313792905
0,0,0.4752083179328155
0,0,0.12170938203226432
1,1,0.580292572198815
0,0,0.3219906411570333
1,1,0.7092776943779939
0,0,0.014465192067636436
1,1,0.9007788068020849
0,0,0.468854613211885
0,0,0.022098200806378882
0,0,0.05791445625221476
0,0,0.018906557186509812
1,0,0.4583931667091029
1,1,0.8254044350861045
1,1,0.8946285629672744
0,0,0.23343846134613738
0,0,0.4348659591268427
1,1,0.8330953509072156
0,0,0.19172403081907377
0,0,0.1235509549433939
1,1,0.9045570279867555
1,1,0.819487352391764
1,1,0.7010634455237562
1,1,0.5300029710309079
1,1,0.6071115877287857
1,1,0.8230988314710094
0,0,0.47817494785644754
0,0,0.32059490000449
1,1,0.9595511829164423
1,1,0.8162602697067998
1,1,0.8543295186843057
1,1,0.5263094232955197
0,0,0.021364662060569545
1,1,0.996251777403171
0,0,0.001302616761220628
0,0,0.3760693782905548
0,0,0.19784383474129066
1,1,0.8947074699290716
0,0,2.22550868439878e-06
0,0,0.09348296286885091
1,1,0.9802354595827131
0,0,0.427467322805193
0,0,0.1691274976381256
1,1,0.6151607771845727
1,1,0.6908006387002288
1,1,0.8145172308977267
0,0,0.16591369824061916
1,1,0.9726716512012661
1,0,0.4815922370661565
1,1,0.918339291954337
0,0,0.3328606099326264
1,1,0.9008035906538714
1,1,0.8682300932911405
1,1,0.9920405673945527
0,0,0.4974812518271724
0,0,0.0009752070213756908
1,1,0.9842671513230672
0,0,0.16565438372484648
1,1,0.789215665110601
0,0,0.007718319553576669
1,1,0.9928107208732534
1,1,0.5673563256529413
1,1,0.9991719930206272
1,1,0.9180691643327276
0,0,0.291887437911452
0,1,0.6409523956656253
1,1,0.6352902722866177
1,1,0.843372829823198
1,1,0.751789772625837
0,0,0.33520141748388216
0,0,0.0797419212561423
1,1,0.8142772780234918
0,0,0.41838779643419033
0,0,0.07634455996220528
1,1,0.8088193482033863
1,1,0.8939159723902791
1,1,0.9855916743359351
1,1,0.9558214177275753
1,1,0.9238181523079316
1,1,0.7736292037608278
1,1,0.7663367781210805
0,0,0.17495047167167616
1,0,0.45138929181721593
1,1,0.7138525712510266
0,0,0.18323261288118356
0,0,0.27767291551554724
0,0,0.20536789597262062
0,0,0.37248058673961026
1,1,0.9991474906003024
1,1,0.8933516119213122
0,0,0.06381761265893873
0,0,0.07136972408558508
1,1,0.9852541053838922
1,1,0.8054662145643837
1,1,0.9254087759761942
0,0,0.14586677654444366
0,0,0.05826185327607478
0,0,0.4485098925590959
1,1,0.6995359487855999
1,1,0.8241704768763366
1,1,0.5923190988159904
1,1,0.7450858015457618
1,1,0.7657708960969708
0,0,0.4955735860380569
1,1,0.8246680468788146
1,1,0.638325457988365
1,1,0.8293801365583879
1,1,0.6947533796978899
0,0,0.3393916322166455
1,1,0.9877986190265513
1,1,0.999453700170418
0,0,0.32430022688638493
1,1,0.9230563389598339
1,1,0.7002725322424296
1,1,0.9974416764191123
0,0,0.03576005500989678
1,1,0.9796175191416235
0,0,0.04731201217205788
1,1,0.8789796489562104
1,1,0.8374718890271728
1,1,0.8318435761742532
1,1,0.7553116782255664
0,0,0.008788716046376302
0,0,0.25486960171229717
0,0,0.0917400607663329
1,1,0.5857246079927753
1,1,0.8809556767612837
0,0,0.22589674295174747
1,1,0.6778423749284094
0,0,0.4403776585729071
1,1,0.649692481017434
1,1,0.6362601416290691
1,1,0.9289436217236073
0,0,0.26631136563032876
1,1,0.9709693162493356
0,0,0.353859400732243
1,1,0.9684963889893382
0,0,0.26627044805325456
1,1,0.6584899424251592
1,1,0.5269322300406201
1,1,0.9988757535381296
0,0,0.04189179892029945
0,0,0.4848279388220859
1,1,0.8605733576209976
1,1,0.9581580434463431
1,1,0.7987406998317526
0,0,0.0461748550143509
1,1,0.7501959062443204
0,0,0.24363874014299186
1,1,0.9437651674467755
0,0,0.2390357834157536
0,0,0.16759726082893983
0,0,0.2687354917443813
0,0,0.3241872508739328
1,1,0.8849526952739343
1,1,0.6722791518818008
1,1,0.7205700254415447
1,1,0.9739102182358494
0,0,0.031939029002709333
0,0,0.19742216048414118
0,0,0.051438240947978414
1,1,0.8099037946267675
0,0,0.38855544382366597
1,1,0.8398903128785938
1,1,0.7353217465518563
0,1,0.50347704971597
1,1,0.8230577189051087
1,1,0.8198777009720329
1,1,0.5555588935303426
1,1,0.9957408392231549
1,1,0.9679692407364504
1,1,0.8870978141047688
1,1,0.9538925716994425
1,1,0.9255730802717692
1,1,0.6804862189777423
1,1,0.7459091977653414
0,0,0.13164218605872285
1,0,0.4607042629272862
0,0,0.2609557241350485
1,1,0.931366143359675
1,1,0.8280358642493066
0,0,0.46676630288571874
0,0,0.23544182196736702
0,0,0.4655995954943656
1,1,0.603322805976938
1,1,0.954245913376267
1,1,0.944450423342784
1,1,0.9631950400846137
0,0,0.20651422373183975
1,1,0.8415715816512161
1,1,0.9404418494520498
1,1,0.7089877657550364
0,0,0.4795534052506801
0,0,0.2319267380815785
0,0,0.464689969728369
0,0,0.3161176077575101
1,1,0.7671887331933201
1,1,0.5769971575350575
0,0,0.06326314377161953
1,1,0.5877364825969909
0,0,0.23740223619461476
1,1,0.9980341603618325
0,0,0.04134271406321203
1,1,0.8396029310220441
0,0,0.10013611783248386
1,1,0.9810007920971593
1,1,0.7490196423035438
1,1,0.8479981508441374
1,1,0.9763256218774459
0,0,0.2818134437023054
1,1,0.8549508143566742
1,1,0.5334217296670989
1,1,0.5011121377456895
1,1,0.6465599945584495
0,0,0.0327012066330954
0,0,0.4123456863668084
0,0,0.18411167914094442
0,0,0.38350394926451203
0,0,0.16020864411552296
0,0,0.4371332031519475
1,1,0.9844904097514431
1,1,0.5804860664349593
1,1,0.9622749714822276
1,1,0.997263756441616
1,1,0.7092776943779939
0,0,0.03813238529774864
0,0,0.019308167011616872
1,1,0.8503272910801938
0,0,0.10755402822450197
0,0,0.4491840162656914
1,1,0.9710181798792323
0,0,0.073292781225963
0,0,0.06170767319634789
0,0,0.3654487246781258
1,1,0.9202507592617784
0,0,0.07503694410080594
0,0,0.16213558635761463
0,0,0.11413523989558147
0,0,0.49590503221243903
1,1,0.8767457852276915
1,1,0.9976079433039792
1,1,0.625488801724349
0,0,0.05059320556660529
0,0,0.043419145706717094
1,1,0.5808275625343364
1,1,0.9997388815139667
0,0,0.052631302405670176
1,1,0.9266137013734048
1,1,0.8431218917115434
1,1,0.9631832936029087
0,0,0.15418372545035527
0,0,0.26039715621299975
1,1,0.858087708160188
0,0,0.4607826680002157
1,1,0.802930948426826
1,1,0.999994817515399
1,1,0.9907052128747479
0,0,0.22262221534773363
1,1,0.7329486015844532
1,1,0.7622803220085217
1,1,0.6256919467516328
0,0,0.3890397141019861
1,1,0.8578269138855886
1,1,0.9010210101886402
0,0,0.25578121949737687
1,1,0.8671042343690769
1,1,0.9996423814954561
0,0,0.004967434735244981
1,1,0.6742287684013316
1,1,0.6715024388784019
1,1,0.7774903887875174
1,1,0.835991026139849
1,1,0.9164846542866998
1,1,0.6067514914606436
1,1,0.9658003493409826
1,1,0.7319195869439613
1,1,0.9981266712722708
0,0,0.32434991701926125
1,1,0.9394755688990204
1,1,0.942894899941215
0,1,0.5695188566402893
0,0,0.2919135398159641
0,0,0.46718948255521137
0,0,0.30127858986945866
0,0,0.15957748371655334
0,0,3.049492024485452e-05
1,1,0.7221842673429787
1,1,0.7104252065238232
1,1,0.5664675333506886
1,1,0.9675582920592081
1,1,0.9973185959157413
0,0,0.47274829974685695
0,0,0.3722621121594382
1,1,0.9590316527609855
1,1,0.8711581498149394
0,1,0.6174253647723219
1,1,0.7286228768164603
1,1,0.5584292404436454
1,1,0.8384831931090768
1,1,0.9515078659104675
0,0,0.012684371587554078
0,0,0.17063813622685675
1,1,0.9746008080274189
1,1,0.5549178150375706
1,1,0.688063987979491
1,1,0.9587017093867186
1,1,0.5201371677983541
1,1,0.5665168378324027
1,1,0.7177161035321356
1,1,0.6218089678341158
1,1,0.9987763935976471
1,1,0.913039917898634
0,0,0.14497725324024074
1,1,0.579377016512761
1,1,0.8641418946331249
0,0,0.014156407520169596
1,1,0.9831107751549982
0,0,0.30948967579471187
0,0,0.41371573368446696
0,0,0.39925483420199565
0,0,0.03821094972577143
1,1,0.8511249954331276
0,0,0.49269652483707116
1,1,0.9085938795184167
1,1,0.6444264474205199
0,0,0.4788298771657617
0,0,0.022158506774172842
1,1,0.7892619463784308
1,1,0.9413833453936997
1,1,0.9029739708915299
1,1,0.993397888601392
0,0,0.002313316087969765
1,1,0.6211571280055056
1,1,0.6365313258354865
1,1,0.5003274340898922
0,0,0.4390933283138069
0,0,0.4570598399532771
1,1,0.8870931416381812
0,0,0.19726249637757798
0,0,0.17233194155109177
0,0,0.1661073302110399
0,0,0.2727289062763422
1,1,0.9854610713763099
0,0,0.4510182629943086
1,1,0.8791769545599175
1,1,0.636452061453249
1,1,0.9802079328700982
1,1,0.5531585266611816
1,1,0.8429222905593783
0,1,0.548792872685625
0,0,0.017866867288744315
1,1,0.9084932143041329
1,1,0.966837626035342
0,0,0.27540172245733613
0,0,0.4267613028705395
1,1,0.5673918414060346
1,1,0.9491323501948696
0,0,0.3107934759586107
1,1,0.653458619233088
1,1,0.8186890984651386
1,1,0.6449501287956929
1,1,0.94710661232703
1,1,0.6468207130257482
0,0,0.3940465199221309
0,1,0.5415965108111286
1,1,0.9833846235479926
1,1,0.8131641933837672
0,0,0.005116386104261925
1,1,0.7700789782384403
1,1,0.9883028824104306
1,1,0.9657405523436069
1,1,0.5881720154741007
0,0,0.027308580081284527
1,1,0.984721156100677
0,0,0.2447010265318895
1,1,0.7290976749105348
1,1,0.6615795396297699
0,0,0.09628849837816934
0,0,0.0062752115875222714
1,1,0.9270628598151168
1,1,0.71608701987202
1,1,0.9975126699376524
1,1,0.958263338324327
1,1,0.9998528449298647
1,1,0.8529497675311243
1,1,0.7243977952997952
1,1,0.7281446101760369
1,1,0.6427784721148767
0,0,0.00036724114535720986
1,1,0.9333903641086831
0,0,0.09600503596651033
1,0,0.48918532727853603
1,1,0.9785247200128293
1,1,0.9998786099546619
0,0,0.15156432915783247
0,0,0.03229803015518829
1,1,0.7762906446323878
0,0,0.015511532581393424
1,1,0.8826691625313612
0,0,0.08440595901497311
0,0,0.2757016360528029
1,1,0.9929242252323295
1,1,0.9824189171984389
1,1,0.7558482454424928
1,1,0.8264382271169376
1,1,0.959777572999017
1,1,0.9715695038263249
1,1,0.7981320953904055
1,1,0.7652109246424997
0,0,0.4325780923822581
0,0,0.26784392543476365
0,0,0.08180518187372905
1,1,0.6351204363247722
0,1,0.6168029159700708
0,0,0.016336923300033255
1,1,0.9655513426342197
1,1,0.9732352197195197
1,1,0.553419623133605
1,1,0.7815596559831285
0,0,0.048271336698379796
0,0,0.18446459096493628
0,0,0.21813881239980706
0,0,0.31590239882165416
1,1,0.7583979402900025
0,0,0.41820235054964633
1,1,0.5405414094268537
1,1,0.8100236391314294
1,1,0.602902525251461
0,0,0.4003128985486751
0,0,0.2246252791171591
1,1,0.9177365276286901
1,1,0.824476632432289
0,1,0.5575412802252625
0,0,0.3027284749987467
1,1,0.9396419028303159
1,1,0.6888242960584812
1,1,0.6096655022306285
0,1,0.5377783576225683
0,0,0.2006537539817832
0,0,0.08378547533443409
0,0,0.46102751557373944
1,1,0.651146864170594
1,1,0.9157750944126212
1,1,0.8908672590103748
1,1,0.5824355886232245
1,1,0.8526647710599645
0,0,0.2948416616674963
1,1,0.8198445842734083
1,1,0.9985277490189929
1,1,0.9863883162605975
0,1,0.5630112440510036
1,1,0.6049901931495565
0,0,0.2914384276363063
0,0,0.43228104565245973
1,1,0.6496787885254084
0,0,0.27011434185850963
1,1,0.93164391786136
1,1,0.698209647842475
0,0,0.31527931178804536
0,0,0.4094330146322589
1,1,0.9690026087326022
1,1,0.8690166319877196
1,1,0.9960229150731175
0,0,0.12317788636135606
1,1,0.7055455110914186
1,1,0.9970716362240754
1,1,0.863460809041011
1,1,0.9371426988617205
1,1,0.8599325944563968
1,1,0.6612323521583143
0,0,0.3233887516273102
0,0,0.05940632580968074
0,0,0.19000447747086766
1,1,0.8436880547431621
0,0,0.13142124994159318
0,0,0.2659046266291389
1,1,0.8672426472733007
1,1,0.653314148788734
1,1,0.9679884716265177
1,1,0.8990481390532792
1,1,0.9450085901099783
0,0,0.4664541281577641
1,1,0.9381778159690705
0,0,0.0035688232413830473
1,1,0.9959997907324089
1,1,0.5091705395637646
1,1,0.9755163469576437
0,0,0.1959224610303441
0,0,0.0008404944648166816
0,0,0.18532478494668486
1,1,0.9272492661131481
0,0,0.13268063934930566
0,0,0.3848131861894759
0,0,0.40212511662372724
0,0,0.3596501545087767
0,0,0.38047793447215655
1,1,0.8997318056683655
1,0,0.47075206857071983
0,0,0.32509373307269224
0,0,0.19494510768574455
0,0,0.39474567725318843
1,1,0.9903517672096482
1,1,0.6778182667780354
0,0,0.2569677043630165
0,0,0.3052405793578608
1,1,0.9949147163054071
1,1,0.9825496308645784
1,1,0.9260897523607694
1,1,0.6223388206399608
1,1,0.9967066547652669
1,1,0.8952139768446208
1,1,0.9304902050340597
0,0,0.2614137959738648
1,1,0.9924199311835594
0,0,0.30861956137896496
0,0,0.4435020855069235
1,1,0.5644758599440601
0,1,0.6465584576728856
0,0,0.4094300136976395
1,1,0.5490239080050721
0,0,0.020629905785726408
1,1,0.516507049636906
0,0,0.3982713772674093
1,1,0.8763181418922267
0,0,0.3631273112542088
1,1,0.9077729308742529
1,1,0.7434216142412894
0,0,0.08708994469867877
0,0,0.33792463623033936
1,1,0.6526955388883413
1,1,0.6905091138821706
1,1,0.9682943569109457
1,1,0.7491890218635767
1,1,0.8025882162673927
1,1,0.9550857367281028
1,1,0.8333026150546116
0,0,0.02566621009418825
0,0,0.02265702227183649
0,0,0.22387480248955446
1,1,0.8886603154409792
0,0,0.024456153141153233
1,1,0.9998883050561563
0,0,0.18100873425144615
1,1,0.9043105872291874
1,1,0.8771082779202631
1,1,0.7302337823978835
1,1,0.8517480865773492
0,0,0.07438421839180627
0,0,0.049581987770394985
0,0,0.18035656521183535
0,1,0.5980576453604027
0,0,0.06155143700653355
1,1,0.9977489203839427
0,0,0.18778870374493623
0,1,0.5384728602182011
0,0,0.18254639459991773
1,1,0.690508182101971
0,0,0.13557335029996545
0,0,0.43537814720254603
0,0,0.05739863273780142
0,0,0.4044209750712251
1,1,0.8517959336896407
0,0,0.006509220450320321
1,1,0.9821723163335071
1,1,0.5491733149914418
0,0,0.30427078157103776
0,0,0.49902161114542665
1,1,0.801674907058625
1,1,0.6887278588003353
1,1,0.9012132693251603
0,0,0.46211311497103646
0,0,0.2921141228771034
1,1,0.6726445156143056
0,0,0.21043076543447992
1,1,0.9930135527443122
1,1,0.9003947323701588
0,0,0.435519862641328
0,0,0.3082641555880698
1,1,0.8473735821712055
1,1,0.8061064230106467
1,1,0.9548042177778375
1,1,0.9437732253082944
1,1,0.9839941435062826
0,0,0.026534057273344007
1,1,0.9941373608332935
1,1,0.7839335796967057
1,1,0.9137642924870631
1,1,0.891534019270442
1,1,0.9237214174361326
1,1,0.951849816914623
1,1,0.5785426529538447
0,0,0.07148802471484383
0,1,0.5222790664631533
1,1,0.8784592020541351
1,1,0.6769151805964844
0,0,0.04762213111205048
1,1,0.8727906425014819
1,1,0.9979915981178111
0,1,0.5753625207328121
1,1,0.8127927648359803
1,1,0.9852629882417956
1,1,0.820576383403227
1,1,0.9521602607311446
0,1,0.5450209129646435
0,0,0.06761609020785316
1,1,0.6139872060419973
1,1,0.6209866749385341
1,1,0.771456179573615
1,1,0.7697868654810933
0,0,0.15850596886549326
1,1,0.7721873868728916
0,0,0.20163527580086685
1,1,0.7709318775179892
1,1,0.67808628330526
1,1,0.8920377108797908
1,1,0.9653712501742809
1,1,0.8473455954546684
1,1,0.9913701973295075
1,1,0.6738084929018365
0,0,0.29595346210291507
0,0,0.36680635677111756
1,1,0.7387318503419418
1,1,0.9333982629254073
1,1,0.6801225166689321
1,1,0.9212530126312215
1,1,0.9188507042669466
1,1,0.6655759343465842
1,1,0.9095060494484497
1,0,0.4994540806731995
0,0,0.23781746220714067
0,0,0.30686008174749463
0,0,0.1714533389163675
1,1,0.9303064818302382
0,0,0.1065175661493059
0,1,0.6638802322020839
1,1,0.7237871875280231
1,1,0.787918367412457
1,1,0.5492840392313575
1,1,0.9698403927484147
1,0,0.49561689448229845
1,1,0.6914749543091032
0,0,0.031301786012620555
1,1,0.5959092027375116
0,0,0.09190781164908489
0,0,0.1966907399749091
1,1,0.9795345793722271
1,1,0.5763004800519604
0,1,0.5343944731642407
0,0,0.1681167346962529
1,1,0.9344657273587684
1,1,0.877571536322314
1,1,0.8128623200344878
0,0,0.4879952185352227
1,1,0.6046893688372018
1,1,0.9869614657063085
0,0,0.04996748440697833
1,1,0.9942595259246797
1,1,0.9588261941425272
1,1,0.940162142924281
1,1,0.9337290804105677
0,0,0.09218446838540181
1,1,0.8045174408366507
1,1,0.7362293885358077
0,0,0.326335462911462
1,0,0.4960150437753472
1,1,0.8990131658651516
0,0,0.13126415500511798
1,1,0.8707512147696415
1,1,0.8064868799405784
0,1,0.5120569582151648
0,0,0.22527227382629372
1,1,0.9321138756665474
0,0,0.4234922275782746
0,0,0.015178466303240074
1,1,0.9923490673674429
1,1,0.9442913647093645
1,1,0.7170924618642953
1,1,0.7696239503099481
0,0,0.09920552176668099
0,0,0.26579966922143816
0,0,0.20595819287536463
1,1,0.8942554735331918
0,0,0.2168698569565868
0,0,0.013315454660737823
1,1,0.912347744854125
1,1,0.6883561977515597
0,0,0.21115547211747035
1,1,0.9816698936926196
1,1,0.8534278768204092
1,1,0.6737796240659677
0,0,0.13711761653651894
0,0,0.4053817071103265
1,1,0.9318523641874323
0,0,0.1216873017496717
1,1,0.938181705802659
0,0,0.4665777861142821
1,1,0.7659088334730143
1,1,0.7710002344805514
1,1,0.9578949984222496
1,1,0.5851144850312772
1,1,0.5329342402169673
1,1,0.9936912474085717
0,1,0.531496028233634
1,1,0.8555690849629817
0,0,0.2410117796234698
1,1,0.6735530005529458
1,1,0.970959859529157
0,0,0.08314965611290219
0,0,0.17275025459175775
1,1,0.9292221507883106
0,0,0.1873434040897365
0,0,0.4474847245897238
0,0,0.3587385516123665
1,1,0.8262909462265542
1,1,0.7222505362733871
1,1,0.6062071525034175
1,1,0.9881610768648407
0,0,0.07853017746432989
1,1,0.6813523457844676
1,1,0.7502842717847212
0,0,0.29682999412630995
0,0,0.13181425068235475
0,0,0.08839853898455659
1,1,0.6498136170900984
1,1,0.9697986692813184
1,0,0.4680971139193941
0,0,0.11984167101543461
0,0,0.4468303811745199
1,1,0.9713554518339478
0,0,0.18594697532027524
1,1,0.9667067411585826
1,1,0.886864309694582
1,1,0.8242206773908958
0,0,0.07386004242092048
0,0,0.1863897517352347
0,0,0.32435594671416673
1,1,0.5461658790409538
1,1,0.5832775238298077
0,0,0.03181476307185866
0,0,0.0006671639329526731
1,1,0.7234020748982628
1,1,0.6796330140457622
1,1,0.9996734919657856
1,1,0.8536037778826543
1,1,0.9316322995428455
1,1,0.6011044214270396
1,1,0.9135866257287872
0,0,0.05962173890776086
1,1,0.8283830661030318
0,0,0.09844949783674031
1,1,0.9963070249572957
0,0,0.18047986896122004
0,0,0.28356822218998995
0,1,0.5606254073199181
0,0,0.4456215816213951
1,1,0.7021436714089366
0,0,0.18195371696949894
0,0,0.01672826656125879
1,1,0.9467217234450098
0,0,0.17369409173606556
0,0,0.23801126159747518
1,1,0.7529262891901167
1,1,0.6632581449830861
0,0,0.1867482605309962
0,0,0.258914722214531
0,0,0.07958231743907741
0,0,0.03395689406971502
1,1,0.7832672439528732
1,1,0.8030483642053226
1,1,0.7575376724040948
1,1,0.8820102604620919
0,0,0.33997597494316817
0,1,0.5446871497734721
1,1,0.5078585869635529
1,1,0.9606871592781365
1,1,0.8153642907549782
1,1,0.7718611362336228
1,1,0.9877208005527695
1,1,0.6981846011326737
0,0,0.035486479832533384
1,1,0.9174763952546432
0,1,0.5108652856418336
1,1,0.7016142130263888
0,0,0.06954467431220593
0,0,0.2840973227839668
1,1,0.7684745949936651
1,1,0.988462668062972
1,1,0.9198381482460479
0,0,0.027502036598884665
1,1,0.9657869866027394
0,0,0.2225664110113434
0,0,0.013081063588548533
0,0,0.0036050796009661234
1,1,0.9869194568723897
1,1,0.8896717101989847
1,0,0.4872934115110552
1,1,0.9708402737295055
0,0,0.16242402160683045
1,1,0.9649415641245732
1,1,0.9551596440272473
1,1,0.7372880040385297
1,1,0.7981462759131724
1,1,0.9531791865653819
1,1,0.5536611436707537
1,1,0.7138525712510266
1,1,0.8255421303173507
0,0,0.17511709603272974
1,1,0.7789270583725451
1,1,0.5657647559908441
1,1,0.979762637575659
0,0,0.45456689032632536
1,1,0.9428062320898837
0,0,0.29758659142031685
1,1,0.9079898275180462
1,1,0.9949526345615228
0,0,0.2488251874311855
1,1,0.813939059633979
1,1,0.6317188670686966
0,0,0.4418384825511209
0,0,0.09937799371747745
0,0,0.32958609894562424
0,0,0.18969339242671288
0,0,0.003926829296434952
1,1,0.9036145218806965
1,1,0.9342763326207121
0,0,0.19374669909082806
0,0,0.35267654569261625
0,0,0.42174556960357173
1,1,0.9922251306851079
0,0,0.2713666278519645
0,0,0.15957748371655334
0,0,0.2635910724306674
1,1,0.7152215917084105
1,1,0.7955065121487778
1,1,0.8797919059348456
0,0,0.22757529726207967
0,0,0.3442836140431152
0,0,0.47489660034216563
0,0,0.3690099307709893
1,1,0.8207319959975738
1,1,0.9758365086322571
1,1,0.966009401230927
1,1,0.7020623425978376
0,0,0.1769753684730036
1,1,0.6984146698432759
1,1,0.6184544461030783
0,0,0.31457472544472465
0,0,0.3845774099790161
1,1,0.893182101811304
0,0,0.09886907903317338
1,1,0.9265942984721038
1,1,0.8063847950203278
0,0,0.09133237199772612
1,1,0.7803766995043883
1,1,0.9836464516457302
0,1,0.600014294817606
0,0,0.44087314865685645
1,1,0.991410443899149
0,0,0.3437685798458872
1,1,0.8209204541726789
0,1,0.5302486474024866
1,1,0.762632173773987
1,1,0.8367602513257115
0,0,0.15764471354756954
1,1,0.8314151426675501
0,0,0.06981582508771081
0,0,0.2449878009462141
1,1,0.9340952004928356
0,0,0.10822530589522432
1,1,0.602794250834769
1,1,0.8206650404004875
1,1,0.6340875776297636
0,1,0.5120879319264783
0,0,0.004606548092529131
1,1,0.7442200057989758
1,1,0.6091625160029946
0,0,0.4607868172137612
1,1,0.6608473631162007
1,1,0.6860416398792797
0,0,0.3577252767645649
0,0,0.20779750601846514
0,0,0.04388394113651066
0,0,0.008931812765262791
1,1,0.8611259073328971
1,1,0.9172396051626672
1,1,0.8906571153512332
1,1,0.8753758056866028
1,1,0.9770223100977875
1,0,0.4699788079522055
1,1,0.6472120232781021
1,1,0.8170880476901712
1,1,0.9551151490738852
0,0,0.48583430672944905
1,1,0.9386624142506445
0,0,0.30090276001539223
1,1,0.6436625257435249
0,0,0.33998843955214925
1,1,0.6843494034000516
1,1,0.7144917525691166
1,1,0.9103103574137074
1,1,0.7442330426403886
0,0,0.3130118404555338
1,1,0.5549398137309866
0,0,0.27973352962278636
0,0,0.017515647622767777
0,0,0.04224569996863173
1,1,0.6488110133334931
0,0,0.452728055803703
1,1,0.7916555346935342
1,1,0.9969188982226543
1,1,0.9910172422281973
0,0,0.3906351828830612
0,0,0.3698110674010905
1,1,0.9082364779920645
0,0,0.17982442251948172
1,1,0.7688296127476071
1,1,0.7223481923478717
1,1,0.8919424212350755
0,0,0.014300505524198344
0,0,0.10327597663919819
0,0,0.015629624256433373
1,1,0.8641467938652169
1,1,0.8991931773326668
1,1,0.8186463630580498
0,0,0.3350740257948638
1,1,0.9538965033558385
1,1,0.6001855599025583
0,0,0.1716363495449465
0,0,0.276637691486505
1,1,0.9946150435733623
